Date,Total_Tweets,Positive_Tweets,Neutral_Tweets,Negative_Tweets,Avg_Compound_Score
2014-09-18,597,152,427,18,0.108332
2014-09-19,638,138,476,24,0.090357
2014-09-20,643,149,459,35,0.100923
2014-09-21,582,135,426,21,0.094759
2014-09-22,678,126,508,44,0.076309
2014-09-23,651,159,474,18,0.106759
2014-09-24,643,186,435,22,0.126949
2014-09-25,695,186,463,46,0.113183
2014-09-26,668,201,447,20,0.128332
2014-09-27,534,176,353,5,0.143914
2014-09-28,608,237,367,4,0.1702
2014-09-29,842,275,556,11,0.144079
2014-09-30,1172,282,854,36,0.102425
2014-10-01,1021,231,779,11,0.097701
2014-10-02,1032,256,754,22,0.107364
2014-10-03,988,215,752,21,0.093253
2014-10-04,911,155,743,13,0.071378
2014-10-05,1106,237,831,38,0.089954
2014-10-06,1047,262,738,47,0.107796
2014-10-07,919,274,615,30,0.128513
2014-10-08,1032,257,747,28,0.107212
2014-10-09,1004,262,723,19,0.112699
2014-10-10,1014,245,710,59,0.098265
2014-10-11,899,270,626,3,0.132392
2014-10-12,1006,279,690,37,0.118548
2014-10-13,1592,280,1288,24,0.07659
2014-10-14,958,234,701,23,0.104281
2014-10-15,918,279,608,31,0.130892
2014-10-16,1142,352,742,48,0.134794
2014-10-17,998,276,694,28,0.114996
2014-10-18,1087,283,753,51,0.110489
2014-10-19,1005,273,701,31,0.116996
2014-10-20,1004,250,730,24,0.10854
2014-10-21,933,230,686,17,0.109044
2014-10-22,899,254,613,32,0.121041
2014-10-23,926,267,633,26,0.12343
2014-10-24,960,290,663,7,0.133739
2014-10-25,912,276,630,6,0.134036
2014-10-26,898,256,607,35,0.122429
2014-10-27,894,223,647,24,0.107709
2014-10-28,885,258,623,4,0.128643
2014-10-29,888,254,628,6,0.1276
2014-10-30,979,289,676,14,0.130023
2014-10-31,930,258,664,8,0.120897
2014-11-01,908,250,649,9,0.122745
2014-11-02,940,227,686,27,0.104613
2014-11-03,1126,322,775,29,0.12971
2014-11-04,1100,302,762,36,0.123443
2014-11-05,1078,276,767,35,0.113267
2014-11-06,1000,297,692,11,0.128015
2014-11-07,1009,237,752,20,0.100134
2014-11-08,934,258,665,11,0.118288
2014-11-09,974,201,732,41,0.087897
2014-11-10,795,241,550,4,0.13548
2014-11-11,864,348,505,11,0.18792
2014-11-12,903,330,545,28,0.172505
2014-11-13,797,269,500,28,0.150568
2014-11-14,861,306,522,33,0.160013
2014-11-15,823,317,457,49,0.171344
2014-11-16,780,258,463,59,0.139999
2014-11-17,818,242,529,47,0.12839
2014-11-18,1011,362,612,37,0.170498
2014-11-19,832,286,505,41,0.154859
2014-11-20,781,291,480,10,0.170773
2014-11-21,831,300,510,21,0.160998
2014-11-22,817,291,499,27,0.159568
2014-11-23,727,284,431,12,0.169146
2014-11-24,761,276,462,23,0.158961
2014-11-25,1018,337,661,20,0.157426
2014-11-26,851,291,533,27,0.155098
2014-11-27,840,304,522,14,0.164667
2014-11-28,791,256,490,45,0.136757
2014-11-29,794,276,493,25,0.151628
2014-11-30,724,281,436,7,0.17043
2014-12-01,772,287,478,7,0.171535
2014-12-02,1016,318,684,14,0.149284
2014-12-03,877,299,553,25,0.154125
2014-12-04,891,264,576,51,0.131431
2014-12-05,827,217,578,32,0.11599
2014-12-06,749,221,514,14,0.130146
2014-12-07,891,287,584,20,0.14852
2014-12-08,945,445,492,8,0.215311
2014-12-09,1075,485,561,29,0.206361
2014-12-10,790,296,470,24,0.165505
2014-12-11,816,287,510,19,0.1532
2014-12-12,745,235,495,15,0.136703
2014-12-13,732,283,426,23,0.167002
2014-12-14,679,279,364,36,0.177112
2014-12-15,712,311,383,18,0.187563
2014-12-16,821,275,528,18,0.148649
2014-12-17,761,254,491,16,0.143335
2014-12-18,771,274,454,43,0.149464
2014-12-19,699,266,422,11,0.167821
2014-12-20,683,252,410,21,0.159982
2014-12-21,745,247,451,47,0.144345
2014-12-22,695,255,412,28,0.159682
2014-12-23,733,251,451,31,0.149858
2014-12-24,692,246,429,17,0.157887
2014-12-25,760,297,458,5,0.171581
2014-12-26,773,312,448,13,0.18007
2014-12-27,941,320,576,45,0.159289
2014-12-28,621,244,374,3,0.171958
2014-12-29,606,251,352,3,0.182448
2014-12-30,632,206,397,29,0.139875
2014-12-31,766,242,475,49,0.134235
2015-01-01,739,198,492,49,0.114365
2015-01-02,681,260,419,2,0.169487
2015-01-03,657,232,405,20,0.150895
2015-01-04,839,271,515,53,0.135942
2015-01-05,669,272,374,23,0.177197
2015-01-06,503,258,241,4,0.223745
2015-01-07,556,272,282,2,0.221137
2015-01-08,519,227,288,4,0.191269
2015-01-09,594,221,364,9,0.160364
2015-01-10,749,157,547,45,0.088579
2015-01-11,645,204,430,11,0.135424
2015-01-12,586,145,430,11,0.104631
2015-01-13,628,179,412,37,0.116952
2015-01-14,675,167,461,47,0.090899
2015-01-15,637,171,443,23,0.112014
2015-01-16,623,160,428,35,0.108617
2015-01-17,549,176,369,4,0.140064
2015-01-18,661,153,480,28,0.098561
2015-01-19,713,143,536,34,0.084559
2015-01-20,670,149,475,46,0.093978
2015-01-21,639,130,461,48,0.086983
2015-01-22,672,144,479,49,0.090317
2015-01-23,684,134,507,43,0.081426
2015-01-24,722,156,517,49,0.090449
2015-01-25,688,155,481,52,0.091756
2015-01-26,685,171,480,34,0.106198
2015-01-27,662,168,478,16,0.117237
2015-01-28,672,139,512,21,0.088965
2015-01-29,717,170,513,34,0.100038
2015-01-30,665,126,513,26,0.082626
2015-01-31,537,115,412,10,0.092325
2015-02-01,659,193,453,13,0.126203
2015-02-02,695,152,498,45,0.092733
2015-02-03,653,181,461,11,0.120216
2015-02-04,686,174,484,28,0.104409
2015-02-05,669,154,467,48,0.096257
2015-02-06,561,133,412,16,0.100181
2015-02-07,557,80,452,25,0.059491
2015-02-08,541,101,429,11,0.079065
2015-02-09,638,130,485,23,0.086002
2015-02-10,864,246,562,56,0.118349
2015-02-11,757,177,542,38,0.097112
2015-02-12,617,134,442,41,0.088025
2015-02-13,609,124,466,19,0.083804
2015-02-14,607,144,457,6,0.102903
2015-02-15,666,178,479,9,0.115407
2015-02-16,671,217,451,3,0.141196
2015-02-17,655,143,505,7,0.093981
2015-02-18,649,143,490,16,0.0951
2015-02-19,628,136,486,6,0.093656
2015-02-20,627,107,505,15,0.070502
2015-02-21,582,131,437,14,0.096423
2015-02-22,626,115,475,36,0.076489
2015-02-23,483,67,404,12,0.056932
2015-02-24,689,156,485,48,0.094653
2015-02-25,620,131,457,32,0.090767
2015-02-26,560,119,432,9,0.093111
2015-02-27,599,115,479,5,0.082607
2015-02-28,598,98,487,13,0.064887
2015-03-01,676,98,547,31,0.059444
2015-03-02,664,129,500,35,0.082317
2015-03-03,704,160,520,24,0.098652
2015-03-04,640,185,448,7,0.127812
2015-03-05,627,157,456,14,0.104905
2015-03-06,647,184,447,16,0.119986
2015-03-07,639,187,412,40,0.126192
2015-03-08,661,275,376,10,0.181055
2015-03-09,669,213,439,17,0.138529
2015-03-10,625,146,458,21,0.096835
2015-03-11,539,144,387,8,0.114433
2015-03-12,689,181,476,32,0.112188
2015-03-13,678,198,460,20,0.126383
2015-03-14,590,153,433,4,0.114697
2015-03-15,588,165,418,5,0.121559
2015-03-16,550,121,414,15,0.088209
2015-03-17,570,110,432,28,0.080066
2015-03-18,588,128,449,11,0.095103
2015-03-19,662,142,470,50,0.089034
2015-03-20,530,130,387,13,0.104526
2015-03-21,530,140,371,19,0.113117
2015-03-22,531,167,357,7,0.137421
2015-03-23,629,151,428,50,0.098408
2015-03-24,517,131,380,6,0.108913
2015-03-25,553,157,376,20,0.119982
2015-03-26,698,240,436,22,0.150482
2015-03-27,656,249,393,14,0.162807
2015-03-28,664,278,381,5,0.182022
2015-03-29,683,245,430,8,0.155555
2015-03-30,686,250,431,5,0.158032
2015-03-31,616,245,364,7,0.173026
2015-04-01,610,272,331,7,0.195038
2015-04-02,578,266,307,5,0.199686
2015-04-03,618,244,370,4,0.174844
2015-04-04,631,274,354,3,0.193365
2015-04-05,665,270,383,12,0.178925
2015-04-06,716,270,428,18,0.162204
2015-04-07,606,218,385,3,0.158241
2015-04-08,539,136,400,3,0.113191
2015-04-09,687,86,591,10,0.053501
2015-04-10,1302,112,1161,29,0.036626
2015-04-11,1183,120,1019,44,0.042998
2015-04-12,852,120,704,28,0.06076
2015-04-13,892,119,742,31,0.059173
2015-04-14,917,151,739,27,0.072873
2015-04-15,988,209,739,40,0.092382
2015-04-16,911,255,642,14,0.121143
2015-04-17,924,226,658,40,0.104363
2015-04-18,896,238,639,19,0.11747
2015-04-19,829,238,591,0,0.128372
2015-04-20,828,249,576,3,0.13404
2015-04-21,914,266,611,37,0.12744
2015-04-22,870,268,591,11,0.136
2015-04-23,889,249,634,6,0.123028
2015-04-24,1020,257,727,36,0.109516
2015-04-25,836,230,591,15,0.121424
2015-04-26,785,185,593,7,0.10447
2015-04-27,1153,189,957,7,0.071422
2015-04-28,935,234,697,4,0.10925
2015-04-29,779,195,582,2,0.110596
2015-04-30,892,216,652,24,0.106657
2015-05-01,971,241,688,42,0.107466
2015-05-02,1007,257,745,5,0.11154
2015-05-03,729,208,517,4,0.125761
2015-05-04,528,239,287,2,0.208241
2015-05-05,539,200,331,8,0.166396
2015-05-06,508,223,282,3,0.189474
2015-05-07,498,179,301,18,0.158584
2015-05-08,552,183,335,34,0.141969
2015-05-09,541,198,336,7,0.160746
2015-05-10,550,242,304,4,0.193688
2015-05-11,582,233,342,7,0.175714
2015-05-12,582,238,332,12,0.177576
2015-05-13,509,138,339,32,0.117729
2015-05-14,384,47,332,5,0.055231
2015-05-15,378,64,310,4,0.073541
2015-05-16,484,151,318,15,0.135401
2015-05-17,564,146,367,51,0.107368
2015-05-18,513,132,344,37,0.108483
2015-05-19,446,128,315,3,0.126154
2015-05-20,374,60,302,12,0.070822
2015-05-21,528,105,392,31,0.084083
2015-05-22,515,191,322,2,0.167526
2015-05-23,586,220,349,17,0.164381
2015-05-24,551,245,303,3,0.195673
2015-05-25,578,252,318,8,0.192549
2015-05-26,599,172,392,35,0.123649
2015-05-27,580,153,386,41,0.112739
2015-05-28,567,166,368,33,0.123736
2015-05-29,484,88,352,44,0.076754
2015-05-30,581,165,381,35,0.120528
2015-05-31,585,184,370,31,0.129984
2015-06-01,553,161,359,33,0.126198
2015-06-02,434,120,302,12,0.112129
2015-06-03,445,133,308,4,0.128448
2015-06-04,406,115,276,15,0.117618
2015-06-05,366,138,219,9,0.16268
2015-06-06,326,135,190,1,0.182177
2015-06-07,321,108,209,4,0.144587
2015-06-08,345,117,219,9,0.144358
2015-06-09,313,73,236,4,0.101725
2015-06-10,364,116,242,6,0.136873
2015-06-11,291,71,217,3,0.104883
2015-06-12,317,92,222,3,0.123308
2015-06-13,282,65,210,7,0.099883
2015-06-14,454,111,305,38,0.101932
2015-06-15,443,133,267,43,0.126181
2015-06-16,407,109,291,7,0.112376
2015-06-17,498,120,352,26,0.102864
2015-06-18,628,221,363,44,0.148909
2015-06-19,500,143,315,42,0.102314
2015-06-20,439,108,316,15,0.100459
2015-06-21,428,87,320,21,0.087147
2015-06-22,514,167,317,30,0.133564
2015-06-23,370,66,300,4,0.075613
2015-06-24,400,103,282,15,0.103629
2015-06-25,419,128,287,4,0.131346
2015-06-26,424,91,275,58,0.070807
2015-06-27,380,57,283,40,0.045636
2015-06-28,515,180,280,55,0.14023
2015-06-29,407,131,258,18,0.122704
2015-06-30,464,142,263,59,0.111403
2015-07-01,384,100,256,28,0.089214
2015-07-02,395,125,251,19,0.122482
2015-07-03,391,129,247,15,0.129118
2015-07-04,401,123,257,21,0.117282
2015-07-05,400,128,247,25,0.119911
2015-07-06,435,129,280,26,0.110042
2015-07-07,409,111,279,19,0.102775
2015-07-08,402,122,256,24,0.112979
2015-07-09,423,124,284,15,0.117296
2015-07-10,472,150,268,54,0.101822
2015-07-11,435,129,280,26,0.113126
2015-07-12,451,144,281,26,0.125575
2015-07-13,409,84,278,47,0.073911
2015-07-14,407,100,274,33,0.094922
2015-07-15,377,95,269,13,0.100568
2015-07-16,427,113,288,26,0.100553
2015-07-17,426,122,284,20,0.115481
2015-07-18,433,127,260,46,0.114918
2015-07-19,348,57,260,31,0.055171
2015-07-20,339,50,278,11,0.054091
2015-07-21,410,106,287,17,0.097367
2015-07-22,504,158,287,59,0.125908
2015-07-23,518,238,273,7,0.197464
2015-07-24,426,108,310,8,0.104621
2015-07-25,426,103,285,38,0.091519
2015-07-26,497,149,288,60,0.118788
2015-07-27,448,96,332,20,0.077851
2015-07-28,475,154,305,16,0.133123
2015-07-29,389,75,296,18,0.066218
2015-07-30,405,108,286,11,0.104538
2015-07-31,465,91,334,40,0.076218
2015-08-01,483,139,339,5,0.124593
2015-08-02,413,90,315,8,0.092113
2015-08-03,426,122,303,1,0.12715
2015-08-04,430,81,346,3,0.081983
2015-08-05,473,121,345,7,0.107359
2015-08-06,488,113,367,8,0.097915
2015-08-07,469,107,352,10,0.096736
2015-08-08,412,82,326,4,0.084595
2015-08-09,515,167,341,7,0.130578
2015-08-10,422,85,335,2,0.086371
2015-08-11,476,95,373,8,0.083108
2015-08-12,507,145,357,5,0.125679
2015-08-13,439,105,327,7,0.103741
2015-08-14,476,121,308,47,0.105808
2015-08-15,396,107,284,5,0.115924
2015-08-16,381,113,241,27,0.12555
2015-08-17,327,75,249,3,0.094278
2015-08-18,342,33,296,13,0.032773
2015-08-19,311,40,261,10,0.053882
2015-08-20,237,30,198,9,0.046504
2015-08-21,215,40,173,2,0.079996
2015-08-22,202,34,149,19,0.044474
2015-08-23,207,32,160,15,0.041093
2015-08-24,272,37,206,29,0.032405
2015-08-25,231,47,158,26,0.061455
2015-08-26,215,50,145,20,0.069777
2015-08-27,244,51,176,17,0.076991
2015-08-28,218,36,156,26,0.032293
2015-08-29,214,44,155,15,0.068905
2015-08-30,255,28,202,25,0.01384
2015-08-31,195,33,143,19,0.041826
2015-09-01,219,25,135,59,-0.043267
2015-09-02,308,101,149,58,0.220951
2015-09-03,197,28,154,15,0.042094
2015-09-04,174,22,135,17,0.027107
2015-09-05,275,98,164,13,0.249024
2015-09-06,290,96,175,19,0.148248
2015-09-07,295,67,205,23,0.072323
2015-09-08,283,33,207,43,-0.003424
2015-09-09,285,37,211,37,0.013243
2015-09-10,217,28,175,14,0.036948
2015-09-11,227,42,165,20,0.053084
2015-09-12,206,42,141,23,0.068265
2015-09-13,253,52,159,42,0.066386
2015-09-14,225,35,166,24,0.033733
2015-09-15,240,37,188,15,0.048629
2015-09-16,273,30,190,53,0.025503
2015-09-17,262,43,178,41,0.053763
2015-09-18,268,34,203,31,0.053499
2015-09-19,308,102,202,4,0.244221
2015-09-20,294,105,187,2,0.25996
2015-09-21,279,24,213,42,0.028692
2015-09-22,246,31,203,12,0.050547
2015-09-23,355,115,224,16,0.228622
2015-09-24,284,24,221,39,0.030158
2015-09-25,277,22,234,21,0.033235
2015-09-26,210,23,169,18,0.043012
2015-09-27,234,28,189,17,0.046345
2015-09-28,177,17,156,4,0.03408
2015-09-29,236,29,200,7,0.052456
2015-09-30,224,36,186,2,0.066584
2015-10-01,240,49,187,4,0.092064
2015-10-02,232,29,172,31,0.046767
2015-10-03,307,118,167,22,0.266703
2015-10-04,234,36,195,3,0.065062
2015-10-05,218,42,174,2,0.082302
2015-10-06,333,120,203,10,0.24669
2015-10-07,183,25,156,2,0.060987
2015-10-08,186,20,162,4,0.043517
2015-10-09,236,46,186,4,0.093983
2015-10-10,230,28,166,36,0.042592
2015-10-11,204,23,165,16,0.043688
2015-10-12,190,28,158,4,0.062697
2015-10-13,224,21,186,17,0.0273
2015-10-14,217,31,177,9,0.054926
2015-10-15,194,32,144,18,0.043118
2015-10-16,257,44,172,41,0.037418
2015-10-17,249,39,161,49,0.031765
2015-10-18,253,25,172,56,0.020582
2015-10-19,222,25,180,17,0.020251
2015-10-20,201,19,163,19,0.015367
2015-10-21,267,17,188,62,-0.017463
2015-10-22,224,13,170,41,-0.017616
2015-10-23,251,30,183,38,0.018867
2015-10-24,204,21,153,30,-0.013125
2015-10-25,232,26,170,36,0.021761
2015-10-26,212,27,141,44,0.021543
2015-10-27,257,19,182,56,-0.022507
2015-10-28,344,41,228,75,-0.010603
2015-10-29,341,60,236,45,0.040794
2015-10-30,360,54,244,62,0.010286
2015-10-31,277,41,200,36,0.017903
2015-11-01,353,47,258,48,0.015876
2015-11-02,515,63,399,53,0.021498
2015-11-03,523,76,393,54,0.037358
2015-11-04,624,97,458,69,0.038716
2015-11-05,678,192,419,67,0.105138
2015-11-06,511,139,334,38,0.097132
2015-11-07,418,131,252,35,0.109582
2015-11-08,514,155,318,41,0.106792
2015-11-09,521,135,336,50,0.076703
2015-11-10,579,134,362,83,0.060559
2015-11-11,560,173,333,54,0.109617
2015-11-12,631,153,400,78,0.082337
2015-11-13,585,144,367,74,0.077418
2015-11-14,583,127,374,82,0.068915
2015-11-15,395,86,273,36,0.063667
2015-11-16,512,112,338,62,0.06591
2015-11-17,466,117,294,55,0.07233
2015-11-18,412,140,224,48,0.102525
2015-11-19,442,120,267,55,0.075298
2015-11-20,673,167,416,90,0.080684
2015-11-21,474,160,271,43,0.117577
2015-11-22,458,143,263,52,0.103769
2015-11-23,395,110,238,47,0.081114
2015-11-24,583,149,345,89,0.079413
2015-11-25,628,217,314,97,0.165841
2015-11-26,502,101,346,55,0.059231
2015-11-27,439,117,285,37,0.092797
2015-11-28,369,126,211,32,0.122255
2015-11-29,555,134,338,83,0.072661
2015-11-30,553,161,324,68,0.100571
2015-12-01,614,134,405,75,0.073677
2015-12-02,409,116,251,42,0.087389
2015-12-03,473,175,253,45,0.130651
2015-12-04,411,125,247,39,0.097009
2015-12-05,470,182,253,35,0.145517
2015-12-06,644,283,314,47,0.26538
2015-12-07,416,103,269,44,0.072952
2015-12-08,573,232,316,25,0.223334
2015-12-09,659,225,336,98,0.119636
2015-12-10,746,225,370,151,0.096149
2015-12-11,639,190,356,93,0.104086
2015-12-12,753,199,374,180,0.073031
2015-12-13,851,352,334,165,0.181071
2015-12-14,671,231,333,107,0.11951
2015-12-15,633,255,276,102,0.142842
2015-12-16,749,195,439,115,0.087854
2015-12-17,607,258,332,17,0.230942
2015-12-18,546,200,324,22,0.154805
2015-12-19,564,183,347,34,0.130955
2015-12-20,600,232,335,33,0.156936
2015-12-21,657,217,403,37,0.134536
2015-12-22,634,214,365,55,0.137367
2015-12-23,566,274,276,16,0.260586
2015-12-24,594,253,309,32,0.179946
2015-12-25,681,232,384,65,0.135978
2015-12-26,738,349,345,44,0.236128
2015-12-27,567,263,276,28,0.192814
2015-12-28,539,242,290,7,0.194365
2015-12-29,701,347,332,22,0.255197
2015-12-30,516,217,291,8,0.182626
2015-12-31,579,188,332,59,0.125368
2016-01-01,700,253,371,76,0.141154
2016-01-02,657,255,376,26,0.165541
2016-01-03,474,210,259,5,0.1921
2016-01-04,525,200,311,14,0.159103
2016-01-05,486,157,319,10,0.137662
2016-01-06,506,221,277,8,0.188759
2016-01-07,674,274,390,10,0.177486
2016-01-08,681,227,391,63,0.136366
2016-01-09,604,245,324,35,0.171067
2016-01-10,545,280,241,24,0.212988
2016-01-11,710,230,396,84,0.118738
2016-01-12,619,187,353,79,0.116087
2016-01-13,500,185,303,12,0.160569
2016-01-14,708,204,419,85,0.108254
2016-01-15,636,228,375,33,0.143754
2016-01-16,647,147,410,90,0.078854
2016-01-17,651,231,373,47,0.146508
2016-01-18,547,195,321,31,0.146336
2016-01-19,412,155,251,6,0.162851
2016-01-20,552,168,354,30,0.129716
2016-01-21,530,207,306,17,0.167736
2016-01-22,431,164,228,39,0.152025
2016-01-23,540,192,275,73,0.131701
2016-01-24,454,201,223,30,0.18196
2016-01-25,451,206,241,4,0.203727
2016-01-26,542,202,314,26,0.156801
2016-01-27,565,157,353,55,0.106845
2016-01-28,639,145,336,158,0.032417
2016-01-29,457,137,246,74,0.073099
2016-01-30,593,163,294,136,0.060664
2016-01-31,493,164,249,80,0.085214
2016-02-01,433,137,224,72,0.076043
2016-02-02,503,142,252,109,0.056125
2016-02-03,627,116,357,154,0.018468
2016-02-04,664,142,367,155,0.032101
2016-02-05,674,277,284,113,0.124986
2016-02-06,645,115,270,260,-0.022937
2016-02-07,755,127,337,291,-0.021586
2016-02-08,873,144,376,353,-0.026206
2016-02-09,785,119,371,295,-0.026333
2016-02-10,871,176,420,275,0.013376
2016-02-11,764,146,341,277,-0.009198
2016-02-12,812,109,436,267,-0.014695
2016-02-13,793,262,329,202,0.090254
2016-02-14,758,206,367,185,0.066464
2016-02-15,799,235,350,214,0.072889
2016-02-16,668,216,303,149,0.0992
2016-02-17,675,202,310,163,0.076909
2016-02-18,685,226,301,158,0.093052
2016-02-19,684,234,269,181,0.097482
2016-02-20,638,229,269,140,0.115374
2016-02-21,586,186,256,144,0.079461
2016-02-22,711,222,313,176,0.092106
2016-02-23,791,225,367,199,0.076907
2016-02-24,713,207,317,189,0.069837
2016-02-25,605,198,275,132,0.085919
2016-02-26,3682,1593,1585,504,0.191439
2016-02-27,82682,10082,69956,2644,0.059075
2016-02-28,24417,10056,12185,2176,0.201908
2016-02-29,710,241,310,159,0.095999
2016-03-01,671,217,302,152,0.09281
2016-03-02,678,242,315,121,0.11278
2016-03-03,699,271,303,125,0.128977
2016-03-04,699,191,323,185,0.064954
2016-03-05,764,232,326,206,0.080512
2016-03-06,673,150,341,182,0.040829
2016-03-07,730,247,328,155,0.106895
2016-03-08,601,197,290,114,0.099431
2016-03-09,556,184,272,100,0.103796
2016-03-10,599,232,268,99,0.130909
2016-03-11,667,248,276,143,0.110856
2016-03-12,601,258,211,132,0.138696
2016-03-13,570,219,217,134,0.125626
2016-03-14,644,215,296,133,0.107792
2016-03-15,641,197,340,104,0.099753
2016-03-16,581,155,303,123,0.064918
2016-03-17,570,102,321,147,0.03131
2016-03-18,700,134,379,187,0.028716
2016-03-19,561,112,338,111,0.042507
2016-03-20,587,72,320,195,-0.011632
2016-03-21,475,59,294,122,-0.014886
2016-03-22,707,147,375,185,0.033917
2016-03-23,579,147,295,137,0.060833
2016-03-24,679,188,316,175,0.071951
2016-03-25,613,134,305,174,0.031992
2016-03-26,575,143,281,151,0.04171
2016-03-27,709,212,325,172,0.080286
2016-03-28,709,279,307,123,0.131249
2016-03-29,620,203,305,112,0.09799
2016-03-30,643,214,302,127,0.09795
2016-03-31,592,203,281,108,0.107002
2016-04-01,625,205,309,111,0.099241
2016-04-02,673,139,346,188,0.038462
2016-04-03,606,176,319,111,0.090204
2016-04-04,684,151,381,152,0.049654
2016-04-05,715,207,344,164,0.081933
2016-04-06,747,229,365,153,0.09385
2016-04-07,571,189,302,80,0.113512
2016-04-08,539,158,299,82,0.087102
2016-04-09,629,109,324,196,0.009285
2016-04-10,458,128,254,76,0.077297
2016-04-11,614,164,318,132,0.073631
2016-04-12,579,130,323,126,0.047012
2016-04-13,561,177,277,107,0.095772
2016-04-14,442,114,256,72,0.077275
2016-04-15,564,156,310,98,0.092475
2016-04-16,495,150,259,86,0.098009
2016-04-17,470,171,203,96,0.125006
2016-04-18,439,142,212,85,0.104803
2016-04-19,462,161,212,89,0.123065
2016-04-20,390,103,205,82,0.079728
2016-04-21,465,158,228,79,0.124743
2016-04-22,465,140,239,86,0.09455
2016-04-23,426,112,219,95,0.069802
2016-04-24,413,96,222,95,0.068112
2016-04-25,392,120,181,91,0.095061
2016-04-26,441,157,206,78,0.12702
2016-04-27,2415,948,1209,258,0.180534
2016-04-28,583,168,271,144,0.093922
2016-04-29,550,176,241,133,0.106563
2016-04-30,456,176,186,94,0.1409
2016-05-01,504,159,236,109,0.096983
2016-05-02,450,175,179,96,0.123506
2016-05-03,540,184,232,124,0.105648
2016-05-04,565,174,242,149,0.094783
2016-05-05,530,173,227,130,0.104238
2016-05-06,530,168,266,96,0.117246
2016-05-07,473,190,189,94,0.14327
2016-05-08,552,144,240,168,0.068411
2016-05-09,462,145,220,97,0.105881
2016-05-10,534,191,238,105,0.123153
2016-05-11,513,187,243,83,0.130932
2016-05-12,443,166,199,78,0.134253
2016-05-13,462,187,211,64,0.159444
2016-05-14,381,158,181,42,0.170194
2016-05-15,445,157,211,77,0.132186
2016-05-16,501,164,244,93,0.113638
2016-05-17,525,178,238,109,0.11128
2016-05-18,570,148,303,119,0.07999
2016-05-19,568,198,278,92,0.124414
2016-05-20,464,190,202,72,0.155074
2016-05-21,473,196,181,96,0.143328
2016-05-22,544,179,256,109,0.107303
2016-05-23,582,157,249,176,0.065211
2016-05-24,554,162,256,136,0.087559
2016-05-25,350,110,190,50,0.111063
2016-05-26,277,14,194,69,-0.024108
2016-05-27,312,13,218,81,-0.03556
2016-05-28,449,16,273,160,-0.04899
2016-05-29,495,12,290,193,-0.059262
2016-05-30,537,22,342,173,-0.042805
2016-05-31,491,8,323,160,-0.04757
2016-06-01,435,13,297,125,-0.033095
2016-06-02,414,19,289,106,-0.022603
2016-06-03,371,10,263,98,-0.031831
2016-06-04,366,7,267,92,-0.036606
2016-06-05,458,13,313,132,-0.029742
2016-06-06,383,14,257,112,-0.035227
2016-06-07,376,10,267,99,-0.03565
2016-06-08,474,10,292,172,-0.055627
2016-06-09,439,13,273,153,-0.049932
2016-06-10,456,17,271,168,-0.047781
2016-06-11,337,10,239,88,-0.03603
2016-06-12,456,24,303,129,-0.026762
2016-06-13,475,36,329,110,-0.003995
2016-06-14,537,21,314,202,-0.051184
2016-06-15,466,15,308,143,-0.039879
2016-06-16,469,33,296,140,-0.02621
2016-06-17,369,17,275,77,-0.017784
2016-06-18,343,10,233,100,-0.043324
2016-06-19,340,10,224,106,-0.038498
2016-06-20,497,11,331,155,-0.04703
2016-06-21,472,13,337,122,-0.037482
2016-06-22,484,12,337,135,-0.040722
2016-06-23,441,19,314,108,-0.023926
2016-06-24,490,30,323,137,-0.02345
2016-06-25,2344,790,1212,342,0.145127
2016-06-26,314,10,237,67,-0.022857
2016-06-27,348,13,213,122,-0.052649
2016-06-28,430,10,278,142,-0.04948
2016-06-29,376,13,265,98,-0.031504
2016-06-30,340,14,260,66,-0.013513
2016-07-01,337,15,245,77,-0.016666
2016-07-02,329,13,247,69,-0.018519
2016-07-03,316,18,219,79,-0.019117
2016-07-04,276,16,192,68,-0.01723
2016-07-05,332,15,232,85,-0.029705
2016-07-06,417,13,304,100,-0.017529
2016-07-07,459,28,348,83,0.00567
2016-07-08,390,14,289,87,-0.020304
2016-07-09,394,18,249,127,-0.031249
2016-07-10,353,10,253,90,-0.020073
2016-07-11,293,10,195,88,-0.042338
2016-07-12,348,8,263,77,-0.022003
2016-07-13,350,10,233,107,-0.028693
2016-07-14,282,6,203,73,-0.040339
2016-07-15,336,10,227,99,-0.036386
2016-07-16,352,10,220,122,-0.041364
2016-07-17,326,18,224,84,-0.010322
2016-07-18,324,12,244,68,-0.02114
2016-07-19,426,18,288,120,-0.022476
2016-07-20,414,12,274,128,-0.031821
2016-07-21,302,15,187,100,-0.025713
2016-07-22,314,39,187,88,0.009758
2016-07-23,338,26,211,101,-0.001871
2016-07-24,286,46,177,63,0.049155
2016-07-25,296,17,189,90,-0.012532
2016-07-26,349,22,249,78,-0.012652
2016-07-27,296,43,222,31,0.054836
2016-07-28,256,18,190,48,-0.001519
2016-07-29,314,14,198,102,-0.024739
2016-07-30,278,14,173,91,-0.025042
2016-07-31,311,12,204,95,-0.030453
2016-08-01,341,16,226,99,-0.030695
2016-08-02,305,20,221,64,0.000825
2016-08-03,332,22,238,72,-0.007604
2016-08-04,336,12,223,101,-0.026949
2016-08-05,349,23,216,110,-0.00749
2016-08-06,309,20,186,103,-0.020786
2016-08-07,293,21,178,94,-0.028895
2016-08-08,308,14,194,100,-0.038784
2016-08-09,293,20,173,100,-0.018987
2016-08-10,307,28,201,78,0.003744
2016-08-11,260,14,155,91,-0.026639
2016-08-12,271,44,151,76,0.02149
2016-08-13,209,16,145,48,-0.006286
2016-08-14,247,42,141,64,0.031345
2016-08-15,255,13,148,94,-0.054442
2016-08-16,286,18,179,89,-0.017283
2016-08-17,246,15,142,89,-0.038704
2016-08-18,282,13,163,106,-0.054888
2016-08-19,342,24,199,119,-0.027471
2016-08-20,268,17,148,103,-0.042623
2016-08-21,276,20,147,109,-0.037394
2016-08-22,249,29,158,62,0.001179
2016-08-23,3176,794,1965,417,0.078975
2016-08-24,257,17,165,75,-0.006998
2016-08-25,232,16,153,63,-0.024556
2016-08-26,238,16,134,88,-0.037616
2016-08-27,187,17,119,51,-0.007893
2016-08-28,245,8,134,103,-0.057803
2016-08-29,281,16,162,103,-0.023437
2016-08-30,227,19,162,46,0.009505
2016-08-31,207,10,186,11,0.014567
2016-09-01,260,14,235,11,0.016877
2016-09-02,231,15,203,13,0.02084
2016-09-03,201,12,182,7,0.01473
2016-09-04,231,8,217,6,0.012858
2016-09-05,322,54,262,6,0.070327
2016-09-06,412,74,303,35,0.0703
2016-09-07,354,57,276,21,0.072799
2016-09-08,238,18,212,8,0.03527
2016-09-09,229,10,213,6,0.01586
2016-09-10,273,12,231,30,0.014662
2016-09-11,252,10,215,27,0.011978
2016-09-12,233,15,204,14,0.032742
2016-09-13,313,18,273,22,0.01946
2016-09-14,276,10,265,1,0.01655
2016-09-15,244,7,229,8,0.009862
2016-09-16,239,12,218,9,0.017095
2016-09-17,258,9,238,11,0.011545
2016-09-18,302,14,257,31,0.010434
2016-09-19,322,13,282,27,0.010464
2016-09-20,394,30,325,39,0.025613
2016-09-21,356,22,310,24,0.022594
2016-09-22,331,37,266,28,0.035619
2016-09-23,341,17,284,40,0.01507
2016-09-24,311,35,258,18,0.047314
2016-09-25,321,10,283,28,0.00675
2016-09-26,348,10,291,47,0.003625
2016-09-27,310,15,278,17,0.017438
2016-09-28,320,10,262,48,-0.000329
2016-09-29,385,36,297,52,0.034604
2016-09-30,366,41,297,28,0.041967
2016-10-01,290,15,246,29,0.007042
2016-10-02,314,20,234,60,-0.00244
2016-10-03,338,17,295,26,0.01626
2016-10-04,280,32,236,12,0.043145
2016-10-05,289,13,241,35,0.009235
2016-10-06,306,11,260,35,0.001831
2016-10-07,304,9,281,14,0.006549
2016-10-08,306,26,253,27,0.037926
2016-10-09,325,9,264,52,0.000606
2016-10-10,275,17,235,23,0.020346
2016-10-11,380,21,315,44,0.011456
2016-10-12,348,12,297,39,0.007494
2016-10-13,406,10,339,57,-0.000138
2016-10-14,333,4,304,25,-0.005551
2016-10-15,334,7,271,56,-0.001876
2016-10-16,288,26,246,16,0.031813
2016-10-17,279,11,261,7,0.014389
2016-10-18,311,11,271,29,0.005266
2016-10-19,281,7,259,15,0.00542
2016-10-20,296,22,248,26,0.028727
2016-10-21,2604,602,1650,352,0.077789
2016-10-22,317,19,275,23,0.019357
2016-10-23,320,5,258,57,-0.007422
2016-10-24,365,11,290,64,-0.012765
2016-10-25,356,14,291,51,0.005421
2016-10-26,371,19,297,55,0.011903
2016-10-27,316,29,262,25,0.032901
2016-10-28,260,20,234,6,0.030129
2016-10-29,316,12,269,35,0.006773
2016-10-30,251,17,218,16,0.022437
2016-10-31,275,15,252,8,0.022221
2016-11-01,328,13,257,58,-0.004081
2016-11-02,325,16,270,39,0.001697
2016-11-03,330,30,270,30,0.031784
2016-11-04,309,38,242,29,0.050953
2016-11-05,258,14,226,18,0.005701
2016-11-06,264,19,221,24,0.011358
2016-11-07,226,13,207,6,0.021323
2016-11-08,258,40,213,5,0.060776
2016-11-09,345,28,283,34,0.015002
2016-11-10,353,28,279,46,0.018254
2016-11-11,237,10,205,22,0.010076
2016-11-12,305,20,260,25,0.018361
2016-11-13,459,25,417,17,0.021588
2016-11-14,267,25,232,10,0.035714
2016-11-15,232,21,198,13,0.028236
2016-11-16,248,27,209,12,0.030415
2016-11-17,274,19,228,27,0.013799
2016-11-18,292,36,232,24,0.035693
2016-11-19,277,31,233,13,0.038493
2016-11-20,283,35,229,19,0.046298
2016-11-21,289,15,238,36,0.017525
2016-11-22,321,24,268,29,0.025512
2016-11-23,275,31,205,39,0.038085
2016-11-24,247,30,176,41,0.032438
2016-11-25,303,42,211,50,0.053415
2016-11-26,231,25,184,22,0.041954
2016-11-27,300,47,215,38,0.063671
2016-11-28,283,49,202,32,0.062498
2016-11-29,337,75,213,49,0.084535
2016-11-30,254,26,188,40,0.031054
2016-12-01,321,17,286,18,0.016511
2016-12-02,289,20,245,24,0.021397
2016-12-03,259,16,229,14,0.022379
2016-12-04,252,11,199,42,0.010235
2016-12-05,283,35,207,41,0.027758
2016-12-06,252,16,203,33,0.008946
2016-12-07,219,17,173,29,0.018182
2016-12-08,223,12,186,25,0.003587
2016-12-09,218,23,186,9,0.040579
2016-12-10,192,23,162,7,0.050978
2016-12-11,211,17,178,16,0.018263
2016-12-12,262,43,187,32,0.066723
2016-12-13,283,91,186,6,0.142794
2016-12-14,439,110,286,43,0.105897
2016-12-15,448,137,263,48,0.128314
2016-12-16,246,60,172,14,0.110936
2016-12-17,8672,2392,5212,1068,0.081988
2016-12-18,15463,4840,8645,1978,0.095131
2016-12-19,55647,6413,46327,2907,0.03353
2016-12-20,285,15,241,29,0.019191
2016-12-21,330,34,254,42,0.028598
2016-12-22,342,16,276,50,0.002695
2016-12-23,308,24,248,36,0.020943
2016-12-24,328,15,266,47,0.010839
2016-12-25,295,6,244,45,-0.00026
2016-12-26,284,14,240,30,0.011312
2016-12-27,340,21,267,52,0.020781
2016-12-28,362,12,300,50,-0.001217
2016-12-29,292,19,249,24,0.022272
2016-12-30,328,20,257,51,0.017031
2016-12-31,256,11,222,23,0.00975
2017-01-01,388,27,331,30,0.031385
2017-01-02,421,28,347,46,0.019176
2017-01-03,392,18,327,47,0.008238
2017-01-04,407,35,335,37,0.01452
2017-01-05,436,23,375,38,0.00696
2017-01-06,390,23,324,43,0.012149
2017-01-07,356,20,307,29,0.018588
2017-01-08,331,16,304,11,0.017673
2017-01-09,399,12,331,56,-9.3e-05
2017-01-10,318,13,296,9,0.01413
2017-01-11,357,11,310,36,0.003829
2017-01-12,365,21,314,30,0.014729
2017-01-13,355,14,309,32,0.012266
2017-01-14,368,17,313,38,0.014675
2017-01-15,389,14,323,52,0.004108
2017-01-16,386,14,313,59,-0.000938
2017-01-17,395,18,326,51,0.010232
2017-01-18,320,25,283,12,0.029256
2017-01-19,353,18,305,30,0.011161
2017-01-20,345,16,275,54,0.004319
2017-01-21,319,14,251,54,-0.000337
2017-01-22,320,20,286,14,0.014425
2017-01-23,290,20,257,13,0.017669
2017-01-24,238,15,211,12,0.027626
2017-01-25,339,37,283,19,0.038332
2017-01-26,349,15,318,16,0.007342
2017-01-27,283,11,264,8,0.011812
2017-01-28,229,12,208,9,0.013519
2017-01-29,298,46,233,19,0.087553
2017-01-30,332,17,261,54,0.007315
2017-01-31,293,14,247,32,0.014905
2017-02-01,289,20,247,22,0.01925
2017-02-02,346,17,300,29,0.010266
2017-02-03,270,21,225,24,0.016431
2017-02-04,293,16,230,47,0.010755
2017-02-05,273,19,220,34,0.012759
2017-02-06,297,19,242,36,0.009907
2017-02-07,283,33,221,29,0.030625
2017-02-08,308,16,240,52,0.002556
2017-02-09,310,25,247,38,0.011632
2017-02-10,287,21,228,38,0.011748
2017-02-11,308,18,236,54,0.009136
2017-02-12,326,22,249,55,2.4e-05
2017-02-13,262,17,227,18,0.011037
2017-02-14,326,13,274,39,0.000813
2017-02-15,260,15,211,34,0.01376
2017-02-16,20893,6456,12280,2157,0.107633
2017-02-17,19921,5844,12246,1831,0.103746
2017-02-18,290,27,233,30,0.023503
2017-02-19,248,17,206,25,0.019518
2017-02-20,227,26,187,14,0.032382
2017-02-21,349,28,272,49,0.018654
2017-02-22,365,28,284,53,0.01256
2017-02-23,335,23,264,48,0.019444
2017-02-24,357,43,264,50,0.034458
2017-02-25,294,29,220,45,0.02832
2017-02-26,348,20,277,51,0.012145
2017-02-27,350,28,297,25,0.027555
2017-02-28,400,119,238,43,0.143609
2017-03-01,338,32,256,50,0.035875
2017-03-02,359,29,276,54,0.021575
2017-03-03,334,23,262,49,0.012766
2017-03-04,326,21,227,78,0.007744
2017-03-05,335,35,245,55,0.040081
2017-03-06,367,31,287,49,0.025294
2017-03-07,325,44,246,35,0.041399
2017-03-08,360,49,267,44,0.050738
2017-03-09,279,24,224,31,0.026165
2017-03-10,429,44,322,63,0.026768
2017-03-11,359,80,224,55,0.085103
2017-03-12,376,144,203,29,0.16639
2017-03-13,299,22,220,57,0.010121
2017-03-14,325,35,241,49,0.042719
2017-03-15,318,18,216,84,0.001847
2017-03-16,323,34,248,41,0.040606
2017-03-17,286,40,190,56,0.04683
2017-03-18,261,43,184,34,0.052468
2017-03-19,256,19,195,42,0.010333
2017-03-20,331,28,251,52,0.019174
2017-03-21,369,46,267,56,0.044015
2017-03-22,293,15,229,49,0.001235
2017-03-23,264,23,190,51,0.012067
2017-03-24,333,33,249,51,0.019557
2017-03-25,254,24,207,23,0.029446
2017-03-26,261,31,195,35,0.031858
2017-03-27,309,32,223,54,0.028135
2017-03-28,259,27,205,27,0.023389
2017-03-29,197,24,164,9,0.047931
2017-03-30,273,30,227,16,0.031606
2017-03-31,285,18,228,39,0.009132
2017-04-01,291,18,223,50,0.01149
2017-04-02,292,16,238,38,0.013855
2017-04-03,280,21,219,40,0.012254
2017-04-04,261,21,207,33,0.009439
2017-04-05,247,13,190,44,0.001676
2017-04-06,253,27,208,18,0.043545
2017-04-07,288,22,222,44,0.018777
2017-04-08,228,22,186,20,0.033317
2017-04-09,268,62,193,13,0.093628
2017-04-10,447,159,268,20,0.150226
2017-04-11,459,122,282,55,0.102613
2017-04-12,338,19,266,53,0.011358
2017-04-13,354,22,276,56,0.013344
2017-04-14,359,22,287,50,0.010067
2017-04-15,302,15,248,39,0.012755
2017-04-16,362,19,293,50,0.015244
2017-04-17,3101,872,1890,339,0.095154
2017-04-18,327,22,255,50,0.019148
2017-04-19,352,30,270,52,0.021981
2017-04-20,312,33,238,41,0.032069
2017-04-21,257,27,219,11,0.041424
2017-04-22,327,17,262,48,0.007965
2017-04-23,293,16,249,28,0.017872
2017-04-24,311,16,253,42,0.011132
2017-04-25,367,36,294,37,0.027747
2017-04-26,389,33,314,42,0.024889
2017-04-27,428,54,321,53,0.048358
2017-04-28,307,29,243,35,0.034349
2017-04-29,296,22,227,47,0.016982
2017-04-30,312,41,238,33,0.044284
2017-05-01,405,58,300,47,0.052587
2017-05-02,338,33,264,41,0.032535
2017-05-03,416,36,337,43,0.025293
2017-05-04,419,71,313,35,0.058623
2017-05-05,317,25,268,24,0.024327
2017-05-06,364,27,285,52,0.023576
2017-05-07,367,25,291,51,0.019411
2017-05-08,389,44,315,30,0.041767
2017-05-09,413,55,320,38,0.045757
2017-05-10,275,19,236,20,0.016562
2017-05-11,463,80,329,54,0.063145
2017-05-12,391,32,303,56,0.024255
2017-05-13,381,61,288,32,0.062261
2017-05-14,475,67,361,47,0.052824
2017-05-15,395,25,323,47,0.017741
2017-05-16,353,41,268,44,0.044906
2017-05-17,341,37,274,30,0.035948
2017-05-18,353,53,266,34,0.049679
2017-05-19,365,37,296,32,0.029141
2017-05-20,425,64,309,52,0.060136
2017-05-21,406,60,307,39,0.05656
2017-05-22,443,65,340,38,0.054053
2017-05-23,437,67,312,58,0.056615
2017-05-24,498,72,373,53,0.049017
2017-05-25,442,49,342,51,0.023255
2017-05-26,482,61,363,58,0.040932
2017-05-27,436,45,341,50,0.038472
2017-05-28,426,48,332,46,0.036662
2017-05-29,428,54,320,54,0.045057
2017-05-30,415,45,322,48,0.033224
2017-05-31,411,54,320,37,0.04244
2017-06-01,350,46,284,20,0.046644
2017-06-02,326,46,257,23,0.057199
2017-06-03,334,31,262,41,0.027136
2017-06-04,317,24,267,26,0.024023
2017-06-05,351,23,275,53,0.013346
2017-06-06,433,56,327,50,0.029403
2017-06-07,481,154,281,46,0.117359
2017-06-08,354,44,282,28,0.042383
2017-06-09,399,26,326,47,0.010734
2017-06-10,384,21,311,52,0.005949
2017-06-11,413,40,312,61,0.035224
2017-06-12,471,30,355,86,-0.013482
2017-06-13,372,28,261,83,-0.054758
2017-06-14,5610,1389,3165,1056,0.045214
2017-06-15,30508,8403,17461,4644,0.070302
2017-06-16,489,45,347,97,0.005566
2017-06-17,401,64,260,77,0.064429
2017-06-18,363,16,254,93,-0.045287
2017-06-19,398,41,289,68,-0.000712
2017-06-20,414,18,312,84,-0.027161
2017-06-21,454,31,341,82,-0.003912
2017-06-22,438,23,360,55,-0.009539
2017-06-23,455,13,317,125,-0.05455
2017-06-24,367,16,251,100,-0.056154
2017-06-25,394,20,304,70,-0.023047
2017-06-26,453,19,347,87,-0.030497
2017-06-27,479,20,380,79,-0.010359
2017-06-28,572,106,370,96,0.04962
2017-06-29,458,55,310,93,0.00358
2017-06-30,338,12,271,55,-0.027306
2017-07-01,449,15,347,87,-0.022742
2017-07-02,382,15,301,66,-0.03326
2017-07-03,458,51,333,74,0.020107
2017-07-04,377,29,292,56,-0.008736
2017-07-05,365,12,284,69,-0.034717
2017-07-06,457,28,354,75,-0.002453
2017-07-07,485,18,383,84,-0.019818
2017-07-08,483,19,380,84,-0.020272
2017-07-09,362,13,291,58,-0.023229
2017-07-10,429,23,350,56,-0.017068
2017-07-11,461,25,352,84,-0.026793
2017-07-12,459,22,352,85,-0.028742
2017-07-13,395,53,295,47,0.027321
2017-07-14,471,29,364,78,-0.010462
2017-07-15,451,12,361,78,-0.021714
2017-07-16,485,15,390,80,-0.019101
2017-07-17,510,28,386,96,-0.016248
2017-07-18,423,24,329,70,-0.017442
2017-07-19,438,21,355,62,-0.014262
2017-07-20,568,30,434,104,-0.014626
2017-07-21,480,24,362,94,-0.023309
2017-07-22,489,30,372,87,-0.010082
2017-07-23,472,16,367,89,-0.024064
2017-07-24,527,40,385,102,-0.005993
2017-07-25,553,89,372,92,0.037163
2017-07-26,511,125,306,80,0.069399
2017-07-27,605,77,380,148,0.002032
2017-07-28,521,29,376,116,-0.030441
2017-07-29,513,20,354,139,-0.051216
2017-07-30,379,23,258,98,-0.045372
2017-07-31,515,45,361,109,-0.019499
2017-08-01,584,26,436,122,-0.033466
2017-08-02,497,36,358,103,-0.012406
2017-08-03,503,22,367,114,-0.033268
2017-08-04,511,34,386,91,-0.012623
2017-08-05,606,46,441,119,-0.016766
2017-08-06,579,33,431,115,-0.027549
2017-08-07,635,71,449,115,0.008915
2017-08-08,655,66,458,131,0.012428
2017-08-09,652,161,403,88,0.079099
2017-08-10,626,118,413,95,0.066442
2017-08-11,639,90,442,107,0.026953
2017-08-12,768,151,498,119,0.030012
2017-08-13,32123,8985,19398,3740,0.082825
2017-08-14,752,130,512,110,0.03418
2017-08-15,651,83,472,96,0.040814
2017-08-16,640,83,460,97,0.033939
2017-08-17,667,90,465,112,0.035895
2017-08-18,651,70,473,108,0.022604
2017-08-19,628,97,436,95,0.032225
2017-08-20,561,80,391,90,0.037359
2017-08-21,575,107,407,61,0.053409
2017-08-22,646,98,448,100,0.039831
2017-08-23,739,201,465,73,0.096968
2017-08-24,752,139,539,74,0.067545
2017-08-25,634,106,467,61,0.050472
2017-08-26,564,79,438,47,0.040555
2017-08-27,563,94,407,62,0.046547
2017-08-28,663,83,501,79,0.026653
2017-08-29,659,75,503,81,0.025382
2017-08-30,717,142,487,88,0.063338
2017-08-31,785,227,469,89,0.095015
2017-09-01,808,190,528,90,0.08342
2017-09-02,753,177,502,74,0.082463
2017-09-03,720,168,448,104,0.064383
2017-09-04,723,114,519,90,0.043467
2017-09-05,588,83,434,71,0.024999
2017-09-06,675,106,482,87,0.045113
2017-09-07,715,101,505,109,0.029462
2017-09-08,721,118,522,81,0.053505
2017-09-09,623,96,435,92,0.03178
2017-09-10,704,82,493,129,0.009689
2017-09-11,637,97,454,86,0.038991
2017-09-12,744,143,494,107,0.053135
2017-09-13,684,93,493,98,0.032498
2017-09-14,740,96,544,100,0.027508
2017-09-15,865,101,665,99,0.02617
2017-09-16,626,75,438,113,0.006477
2017-09-17,772,94,549,129,0.019521
2017-09-18,803,98,556,149,0.010147
2017-09-19,757,118,531,108,0.02962
2017-09-20,849,163,567,119,0.056727
2017-09-21,814,161,526,127,0.053122
2017-09-22,685,85,473,127,0.016176
2017-09-23,676,72,474,130,0.013739
2017-09-24,628,76,453,99,0.027517
2017-09-25,715,106,514,95,0.036766
2017-09-26,744,141,497,106,0.055009
2017-09-27,805,148,537,120,0.054414
2017-09-28,697,138,464,95,0.053881
2017-09-29,690,187,436,67,0.09552
2017-09-30,765,146,527,92,0.057642
2017-10-01,754,161,504,89,0.071913
2017-10-02,835,159,549,127,0.05153
2017-10-03,826,155,548,123,0.051511
2017-10-04,744,141,488,115,0.057467
2017-10-05,743,159,505,79,0.06554
2017-10-06,739,109,515,115,0.03157
2017-10-07,6604,1803,3940,861,0.079576
2017-10-08,34598,9378,20414,4806,0.069988
2017-10-09,103256,13156,82286,7814,0.028459
2017-10-10,46069,11975,26011,8083,0.045098
2017-10-11,84290,11423,24539,48328,-0.068085
2017-10-12,884,152,605,127,0.039072
2017-10-13,858,144,596,118,0.043436
2017-10-14,882,217,540,125,0.096785
2017-10-15,824,152,546,126,0.051183
2017-10-16,873,149,617,107,0.045291
2017-10-17,822,196,504,122,0.068602
2017-10-18,751,193,459,99,0.080511
2017-10-19,741,121,509,111,0.04281
2017-10-20,751,116,518,117,0.026784
2017-10-21,763,148,505,110,0.046913
2017-10-22,693,93,486,114,0.029189
2017-10-23,727,121,506,100,0.051409
2017-10-24,574,67,399,108,0.026798
2017-10-25,617,75,422,120,0.026918
2017-10-26,713,104,474,135,0.024314
2017-10-27,607,67,426,114,-0.001919
2017-10-28,623,85,437,101,0.02764
2017-10-29,618,92,402,124,0.025463
2017-10-30,733,126,486,121,0.042657
2017-10-31,773,156,495,122,0.054027
2017-11-01,677,105,425,147,0.013841
2017-11-02,882,181,533,168,0.04112
2017-11-03,815,165,490,160,0.051638
2017-11-04,736,118,481,137,0.034528
2017-11-05,689,175,378,136,0.06494
2017-11-06,812,214,455,143,0.067668
2017-11-07,658,78,470,110,0.013102
2017-11-08,715,96,496,123,0.029158
2017-11-09,714,102,481,131,0.038933
2017-11-10,720,106,494,120,0.027978
2017-11-11,682,100,450,132,0.029488
2017-11-12,658,95,457,106,0.033893
2017-11-13,658,84,443,131,0.016
2017-11-14,701,138,429,134,0.056142
2017-11-15,739,138,466,135,0.053119
2017-11-16,928,196,561,171,0.049252
2017-11-17,787,155,473,159,0.035659
2017-11-18,572,92,385,95,0.035245
2017-11-19,719,99,453,167,0.014983
2017-11-20,791,129,535,127,0.041602
2017-11-21,782,145,489,148,0.048198
2017-11-22,671,115,406,150,0.034262
2017-11-23,581,91,353,137,0.017279
2017-11-24,694,81,441,172,0.002577
2017-11-25,725,72,491,162,-0.013901
2017-11-26,852,160,571,121,0.068663
2017-11-27,823,152,522,149,0.038467
2017-11-28,858,172,499,187,0.037313
2017-11-29,1134,250,664,220,0.054409
2017-11-30,919,189,542,188,0.043046
2017-12-01,677,147,382,148,0.054202
2017-12-02,732,112,476,144,0.03631
2017-12-03,797,126,547,124,0.040166
2017-12-04,759,139,494,126,0.04558
2017-12-05,903,149,576,178,0.032295
2017-12-06,1288,218,871,199,0.031963
2017-12-07,1367,260,880,227,0.046805
2017-12-08,275463,33696,219958,21809,0.024765
2017-12-09,94719,30233,48287,16199,0.08392
2017-12-10,1024,203,674,147,0.056516
2017-12-11,1120,210,712,198,0.057158
2017-12-12,1048,203,684,161,0.060889
2017-12-13,1111,173,788,150,0.047664
2017-12-14,1154,185,823,146,0.05062
2017-12-15,1089,164,742,183,0.031886
2017-12-16,921,128,630,163,0.019975
2017-12-17,900,166,599,135,0.050191
2017-12-18,1010,159,665,186,0.028258
2017-12-19,1092,214,730,148,0.060215
2017-12-20,1253,208,839,206,0.024582
2017-12-21,1285,184,858,243,0.006991
2017-12-22,1298,230,857,211,0.029169
2017-12-23,1151,166,839,146,0.030433
2017-12-24,985,156,701,128,0.04091
2017-12-25,1106,177,759,170,0.037364
2017-12-26,1190,171,840,179,0.018814
2017-12-27,1063,166,713,184,0.017554
2017-12-28,1080,166,738,176,0.02192
2017-12-29,1176,175,843,158,0.025275
2017-12-30,1205,208,847,150,0.051426
2017-12-31,1358,238,881,239,0.029968
2018-01-01,1265,295,762,208,0.051698
2018-01-02,1149,236,672,241,0.02309
2018-01-03,1112,209,673,230,0.026095
2018-01-04,1084,198,697,189,0.039486
2018-01-05,1241,171,930,140,0.04363
2018-01-06,1121,167,802,152,0.034557
2018-01-07,1140,175,808,157,0.041934
2018-01-08,1237,239,826,172,0.053975
2018-01-09,1180,194,798,188,0.029628
2018-01-10,1148,191,790,167,0.041579
2018-01-11,1135,247,708,180,0.057502
2018-01-12,1222,273,795,154,0.068156
2018-01-13,1163,216,822,125,0.056045
2018-01-14,1044,155,794,95,0.043636
2018-01-15,1328,180,1024,124,0.04076
2018-01-16,1355,238,947,170,0.051717
2018-01-17,1403,251,976,176,0.055369
2018-01-18,1608,286,1145,177,0.059569
2018-01-19,1367,236,1010,121,0.063934
2018-01-20,1331,220,1012,99,0.063669
2018-01-21,1228,207,920,101,0.06155
2018-01-22,1355,224,1021,110,0.062405
2018-01-23,1237,237,889,111,0.067484
2018-01-24,1210,204,881,125,0.056133
2018-01-25,1098,202,808,88,0.074489
2018-01-26,1264,215,898,151,0.051986
2018-01-27,1195,212,875,108,0.066951
2018-01-28,1271,240,926,105,0.065732
2018-01-29,1301,255,909,137,0.05966
2018-01-30,1149,195,824,130,0.054368
2018-01-31,1146,213,833,100,0.065004
2018-02-01,1242,225,935,82,0.065252
2018-02-02,1284,232,934,118,0.060339
2018-02-03,1145,218,848,79,0.070091
2018-02-04,1122,215,818,89,0.068236
2018-02-05,15207,4327,7817,3063,0.04561
2018-02-06,121676,35782,65125,20769,0.07137
2018-02-07,1285,217,949,119,0.057397
2018-02-08,1048,150,799,99,0.04187
2018-02-09,1216,189,941,86,0.056815
2018-02-10,1076,165,841,70,0.058681
2018-02-11,1088,158,848,82,0.050517
2018-02-12,1203,221,893,89,0.072474
2018-02-13,1190,188,906,96,0.054609
2018-02-14,1166,183,883,100,0.0503
2018-02-15,1091,200,793,98,0.065726
2018-02-16,1100,226,784,90,0.0743
2018-02-17,1211,203,915,93,0.06413
2018-02-18,1270,203,990,77,0.060529
2018-02-19,1183,189,900,94,0.055239
2018-02-20,1196,217,878,101,0.055214
2018-02-21,1188,194,893,101,0.055894
2018-02-22,1234,223,897,114,0.058306
2018-02-23,1122,168,866,88,0.047064
2018-02-24,1049,144,812,93,0.039619
2018-02-25,1054,155,816,83,0.047051
2018-02-26,1071,172,815,84,0.058435
2018-02-27,1131,197,836,98,0.05638
2018-02-28,1087,186,812,89,0.060948
2018-03-01,1205,251,849,105,0.070014
2018-03-02,1112,179,859,74,0.056643
2018-03-03,990,171,746,73,0.061573
2018-03-04,1078,164,831,83,0.04933
2018-03-05,1129,177,869,83,0.052387
2018-03-06,1218,180,934,104,0.048308
2018-03-07,1231,202,937,92,0.054458
2018-03-08,1187,212,877,98,0.055263
2018-03-09,1077,179,787,111,0.042703
2018-03-10,1013,151,783,79,0.049744
2018-03-11,983,167,725,91,0.05922
2018-03-12,1058,172,766,120,0.043203
2018-03-13,1072,174,789,109,0.046266
2018-03-14,1151,173,870,108,0.050591
2018-03-15,1131,190,837,104,0.050328
2018-03-16,1159,166,892,101,0.043601
2018-03-17,1118,131,894,93,0.038482
2018-03-18,1199,177,932,90,0.044306
2018-03-19,1155,178,887,90,0.051015
2018-03-20,1195,186,932,77,0.055546
2018-03-21,1211,187,950,74,0.056505
2018-03-22,1097,160,850,87,0.047079
2018-03-23,1231,161,989,81,0.040331
2018-03-24,1141,175,895,71,0.056581
2018-03-25,1146,159,894,93,0.044149
2018-03-26,1077,164,821,92,0.058835
2018-03-27,1122,175,849,98,0.054373
2018-03-28,1113,186,832,95,0.060615
2018-03-29,1133,185,828,120,0.059366
2018-03-30,1084,190,801,93,0.061918
2018-03-31,1018,156,772,90,0.048798
2018-04-01,1085,162,819,104,0.037875
2018-04-02,1072,128,852,92,0.027175
2018-04-03,18288,5625,10226,2437,0.095671
2018-04-04,60675,18463,34533,7679,0.097193
2018-04-05,63024,18324,35649,9051,0.083961
2018-04-06,61261,18370,33850,9041,0.089996
2018-04-07,48981,15328,27214,6439,0.099523
2018-04-08,1080,169,848,63,0.062957
2018-04-09,1089,171,838,80,0.050333
2018-04-10,1162,188,895,79,0.049324
2018-04-11,1161,198,881,82,0.052193
2018-04-12,1206,182,936,88,0.03949
2018-04-13,1071,229,752,90,0.081314
2018-04-14,1029,156,807,66,0.050973
2018-04-15,1039,199,757,83,0.066598
2018-04-16,1048,185,773,90,0.063094
2018-04-17,1083,185,816,82,0.051863
2018-04-18,1086,172,840,74,0.052777
2018-04-19,1202,179,932,91,0.038034
2018-04-20,1070,165,826,79,0.049365
2018-04-21,1083,168,836,79,0.049964
2018-04-22,1078,182,820,76,0.050246
2018-04-23,1183,203,882,98,0.052767
2018-04-24,1180,230,861,89,0.062925
2018-04-25,1063,169,811,83,0.045274
2018-04-26,1157,180,910,67,0.053821
2018-04-27,1180,169,927,84,0.045549
2018-04-28,1064,171,811,82,0.04838
2018-04-29,1093,183,850,60,0.061204
2018-04-30,1134,176,868,90,0.047971
2018-05-01,1034,169,786,79,0.047182
2018-05-02,1308,210,1008,90,0.044887
2018-05-03,1252,192,983,77,0.048475
2018-05-04,1126,204,841,81,0.067032
2018-05-05,1066,179,819,68,0.058099
2018-05-06,1136,184,866,86,0.051405
2018-05-07,1127,169,875,83,0.046301
2018-05-08,1100,168,846,86,0.051059
2018-05-09,1068,165,823,80,0.052072
2018-05-10,997,153,783,61,0.048155
2018-05-11,1035,167,798,70,0.049007
2018-05-12,995,200,731,64,0.075658
2018-05-13,1119,141,915,63,0.040174
2018-05-14,1084,181,839,64,0.05775
2018-05-15,1142,197,858,87,0.052655
2018-05-16,1002,215,705,82,0.076324
2018-05-17,971,180,720,71,0.058788
2018-05-18,1131,244,802,85,0.067662
2018-05-19,1100,169,859,72,0.040845
2018-05-20,1049,162,813,74,0.045288
2018-05-21,1147,220,847,80,0.067033
2018-05-22,1214,273,865,76,0.099408
2018-05-23,1171,204,882,85,0.056693
2018-05-24,952,134,735,83,0.026346
2018-05-25,815,147,604,64,0.040185
2018-05-26,830,110,647,73,0.015839
2018-05-27,811,104,658,49,0.024541
2018-05-28,962,136,717,109,0.013999
2018-05-29,957,149,760,48,0.044468
2018-05-30,876,131,664,81,0.030503
2018-05-31,995,136,786,73,0.02975
2018-06-01,905,129,703,73,0.023615
2018-06-02,38952,12708,22558,3686,0.122402
2018-06-03,50111,16907,28411,4793,0.122134
2018-06-04,54519,18114,30165,6240,0.112666
2018-06-05,53356,16646,30312,6398,0.106109
2018-06-06,923,129,727,67,0.033043
2018-06-07,952,126,763,63,0.027089
2018-06-08,910,115,734,61,0.025851
2018-06-09,876,109,698,69,0.022633
2018-06-10,901,98,715,88,0.001361
2018-06-11,891,100,724,67,0.017076
2018-06-12,986,110,809,67,0.021351
2018-06-13,916,100,750,66,0.021302
2018-06-14,1046,114,865,67,0.019524
2018-06-15,872,93,708,71,0.012469
2018-06-16,852,77,707,68,0.003934
2018-06-17,897,91,748,58,0.016031
2018-06-18,1053,100,889,64,0.017074
2018-06-19,1045,101,879,65,0.018722
2018-06-20,1042,103,872,67,0.013783
2018-06-21,1144,121,964,59,0.026585
2018-06-22,1120,119,928,73,0.021013
2018-06-23,957,97,793,67,0.0184
2018-06-24,1020,99,862,59,0.012725
2018-06-25,1059,113,890,56,0.019446
2018-06-26,1023,113,845,65,0.017298
2018-06-27,1017,104,859,54,0.01949
2018-06-28,972,137,768,67,0.027198
2018-06-29,1066,123,878,65,0.025398
2018-06-30,1054,115,878,61,0.019887
2018-07-01,1063,97,911,55,0.015471
2018-07-02,1211,118,1028,65,0.016623
2018-07-03,1151,125,967,59,0.023354
2018-07-04,1075,119,897,59,0.022223
2018-07-05,1044,113,862,69,0.018433
2018-07-06,1019,114,846,59,0.021508
2018-07-07,946,100,792,54,0.01687
2018-07-08,1020,85,884,51,0.015674
2018-07-09,1008,83,856,69,0.00856
2018-07-10,1066,79,921,66,0.007805
2018-07-11,1048,85,905,58,0.007837
2018-07-12,1215,132,1014,69,0.025271
2018-07-13,1026,127,847,52,0.032455
2018-07-14,1058,112,887,59,0.01687
2018-07-15,1014,103,865,46,0.018746
2018-07-16,1132,131,940,61,0.022264
2018-07-17,1258,171,1023,64,0.037842
2018-07-18,1228,154,987,87,0.025934
2018-07-19,1050,126,874,50,0.027426
2018-07-20,1120,109,946,65,0.011217
2018-07-21,1002,115,833,54,0.020135
2018-07-22,1067,128,870,69,0.019042
2018-07-23,1209,166,978,65,0.03527
2018-07-24,1212,173,975,64,0.035833
2018-07-25,1216,160,988,68,0.034863
2018-07-26,1192,148,975,69,0.028908
2018-07-27,1204,139,999,66,0.025471
2018-07-28,1042,124,855,63,0.026313
2018-07-29,1052,129,877,46,0.027914
2018-07-30,1181,129,979,73,0.021057
2018-07-31,41014,13871,21718,5425,0.122669
2018-08-01,51759,18318,27275,6166,0.143717
2018-08-02,48441,16992,25927,5522,0.13063
2018-08-03,995986,17856,971696,6434,0.00679
2018-08-04,1051,142,863,46,0.034871
2018-08-05,1045,137,859,49,0.028178
2018-08-06,1138,175,911,52,0.04086
2018-08-07,1118,141,924,53,0.027945
2018-08-08,1152,165,926,61,0.038916
2018-08-09,1233,166,1021,46,0.033704
2018-08-10,1136,147,919,70,0.031754
2018-08-11,1090,161,861,68,0.035409
2018-08-12,1066,150,855,61,0.02472
2018-08-13,1113,132,917,64,0.019151
2018-08-14,1091,166,871,54,0.03877
2018-08-15,1251,178,1026,47,0.040303
2018-08-16,1052,154,851,47,0.043816
2018-08-17,1068,167,843,58,0.043953
2018-08-18,924,120,771,33,0.031951
2018-08-19,945,106,786,53,0.017519
2018-08-20,1022,109,851,62,0.019655
2018-08-21,1010,127,834,49,0.031381
2018-08-22,1043,139,844,60,0.027595
2018-08-23,976,135,793,48,0.036203
2018-08-24,972,146,796,30,0.054054
2018-08-25,936,117,788,31,0.035323
2018-08-26,886,129,726,31,0.051271
2018-08-27,971,131,795,45,0.037505
2018-08-28,1067,158,868,41,0.04572
2018-08-29,1069,156,880,33,0.050301
2018-08-30,1056,167,842,47,0.04794
2018-08-31,994,148,800,46,0.039452
2018-09-01,909,116,751,42,0.035133
2018-09-02,939,130,755,54,0.033181
2018-09-03,1020,139,836,45,0.034428
2018-09-04,1018,135,847,36,0.041462
2018-09-05,1036,166,816,54,0.046036
2018-09-06,1023,159,830,34,0.048834
2018-09-07,984,137,810,37,0.043348
2018-09-08,894,121,745,28,0.042387
2018-09-09,901,160,702,39,0.052938
2018-09-10,915,152,716,47,0.043643
2018-09-11,941,152,757,32,0.05291
2018-09-12,1012,153,803,56,0.040803
2018-09-13,1020,180,798,42,0.058595
2018-09-14,958,151,767,40,0.049871
2018-09-15,914,136,734,44,0.041445
2018-09-16,888,130,721,37,0.044577
2018-09-17,1000,138,813,49,0.032233
2018-09-18,946,149,757,40,0.046312
2018-09-19,1011,179,800,32,0.060317
2018-09-20,984,194,748,42,0.061437
2018-09-21,901,162,694,45,0.054449
2018-09-22,763,137,608,18,0.053828
2018-09-23,897,131,679,87,0.023124
2018-09-24,1066,169,737,160,0.022586
2018-09-25,966,171,752,43,0.050387
2018-09-26,1009,174,795,40,0.045984
2018-09-27,967,165,767,35,0.052075
2018-09-28,1030,156,829,45,0.03561
2018-09-29,860,130,685,45,0.043067
2018-09-30,864,127,706,31,0.040154
2018-10-01,10257,3371,5462,1424,0.114885
2018-10-02,908,147,713,48,0.045533
2018-10-03,881,147,670,64,0.043986
2018-10-04,891,124,726,41,0.036222
2018-10-05,828,120,668,40,0.041875
2018-10-06,767,106,634,27,0.042287
2018-10-07,752,97,628,27,0.033777
2018-10-08,785,122,627,36,0.048384
2018-10-09,787,123,631,33,0.044769
2018-10-10,796,116,641,39,0.043584
2018-10-11,849,136,663,50,0.044335
2018-10-12,836,134,671,31,0.050487
2018-10-13,859,105,712,42,0.024785
2018-10-14,874,108,738,28,0.038847
2018-10-15,947,131,765,51,0.039396
2018-10-16,948,144,767,37,0.050922
2018-10-17,986,140,790,56,0.039637
2018-10-18,910,119,746,45,0.036679
2018-10-19,898,148,721,29,0.061786
2018-10-20,839,104,701,34,0.036673
2018-10-21,867,134,704,29,0.05485
2018-10-22,908,164,719,25,0.071511
2018-10-23,938,143,768,27,0.058236
2018-10-24,898,129,732,37,0.04722
2018-10-25,977,131,806,40,0.041078
2018-10-26,967,130,814,23,0.049368
2018-10-27,940,126,783,31,0.041133
2018-10-28,860,108,728,24,0.038932
2018-10-29,862,117,708,37,0.041893
2018-10-30,983,150,808,25,0.056101
2018-10-31,1065,183,830,52,0.060573
2018-11-01,1056,151,856,49,0.04409
2018-11-02,1004,120,830,54,0.024952
2018-11-03,1002,100,861,41,0.023723
2018-11-04,982,118,829,35,0.031901
2018-11-05,969,138,787,44,0.043636
2018-11-06,1021,152,812,57,0.050247
2018-11-07,1050,148,850,52,0.047344
2018-11-08,988,118,812,58,0.027507
2018-11-09,974,112,811,51,0.031207
2018-11-10,974,104,821,49,0.022617
2018-11-11,985,108,822,55,0.029318
2018-11-12,917,117,742,58,0.033874
2018-11-13,1013,122,824,67,0.026524
2018-11-14,1018,134,799,85,0.032613
2018-11-15,1069,147,845,77,0.037819
2018-11-16,1024,118,835,71,0.028434
2018-11-17,953,93,809,51,0.019947
2018-11-18,955,104,810,41,0.028545
2018-11-19,1138,141,935,62,0.030942
2018-11-20,1102,148,865,89,0.029049
2018-11-21,1030,151,806,73,0.036525
2018-11-22,1002,126,815,61,0.033102
2018-11-23,945,126,762,57,0.039206
2018-11-24,936,136,747,53,0.036741
2018-11-25,1020,147,805,68,0.035112
2018-11-26,995,166,753,76,0.041448
2018-11-27,988,155,775,58,0.044248
2018-11-28,24231,8822,11923,3486,0.123084
2018-11-29,43764,15863,21832,6069,0.130233
2018-11-30,979,135,780,64,0.032109
2018-12-01,879,129,703,47,0.043476
2018-12-02,849,125,688,36,0.044437
2018-12-03,923,161,699,63,0.057413
2018-12-04,910,170,681,59,0.06253
2018-12-05,907,128,700,79,0.034698
2018-12-06,904,121,723,60,0.032985
2018-12-07,952,179,708,65,0.063303
2018-12-08,818,97,660,61,0.021573
2018-12-09,858,104,708,46,0.034559
2018-12-10,881,112,706,63,0.031443
2018-12-11,922,116,737,69,0.03205
2018-12-12,935,148,727,60,0.050212
2018-12-13,990,173,753,64,0.049081
2018-12-14,1052,205,775,72,0.046667
2018-12-15,971,178,746,47,0.047992
2018-12-16,885,135,702,48,0.037157
2018-12-17,994,174,760,60,0.053644
2018-12-18,960,163,738,59,0.057564
2018-12-19,906,142,695,69,0.045524
2018-12-20,924,153,727,44,0.063843
2018-12-21,903,138,709,56,0.053756
2018-12-22,828,113,666,49,0.045339
2018-12-23,849,110,692,47,0.034264
2018-12-24,887,122,705,60,0.036669
2018-12-25,842,117,670,55,0.035316
2018-12-26,806,102,657,47,0.036713
2018-12-27,911,109,753,49,0.034821
2018-12-28,908,120,733,55,0.040609
2018-12-29,844,113,677,54,0.026893
2018-12-30,865,119,690,56,0.038706
2018-12-31,918,124,727,67,0.042919
2019-01-01,911,103,757,51,0.030209
2019-01-02,931,127,742,62,0.036194
2019-01-03,907,153,692,62,0.059994
2019-01-04,842,134,654,54,0.05507
2019-01-05,788,111,625,52,0.038786
2019-01-06,777,108,607,62,0.035788
2019-01-07,855,121,673,61,0.047394
2019-01-08,891,138,692,61,0.043985
2019-01-09,954,164,718,72,0.062464
2019-01-10,861,131,667,63,0.044116
2019-01-11,868,129,672,67,0.04698
2019-01-12,799,93,654,52,0.030679
2019-01-13,768,102,615,51,0.038276
2019-01-14,886,141,698,47,0.047724
2019-01-15,808,136,632,40,0.061779
2019-01-16,23446,7631,12429,3386,0.108998
2019-01-17,36986,12222,19688,5076,0.116717
2019-01-18,36899,11930,20056,4913,0.11328
2019-01-19,32563,10902,17430,4231,0.122986
2019-01-20,31662,10287,16884,4491,0.109878
2019-01-21,36365,11952,19241,5172,0.111256
2019-01-22,38239,12191,20487,5561,0.104128
2019-01-23,39293,12066,21804,5423,0.102041
2019-01-24,37613,12276,20021,5316,0.108513
2019-01-25,35318,12145,18668,4505,0.119266
2019-01-26,32504,11189,17166,4149,0.127132
2019-01-27,28928,9609,15653,3666,0.120364
2019-01-28,909,113,737,59,0.025705
2019-01-29,888,120,717,51,0.038386
2019-01-30,965,120,790,55,0.035944
2019-01-31,906,119,744,43,0.037656
2019-02-01,951,115,785,51,0.030387
2019-02-02,927,113,754,60,0.029656
2019-02-03,889,99,736,54,0.021468
2019-02-04,967,120,795,52,0.03129
2019-02-05,970,143,781,46,0.044622
2019-02-06,1011,179,789,43,0.053276
2019-02-07,953,151,746,56,0.047146
2019-02-08,981,130,818,33,0.048517
2019-02-09,886,110,735,41,0.035954
2019-02-10,829,120,679,30,0.043322
2019-02-11,874,178,660,36,0.069444
2019-02-12,995,226,724,45,0.097031
2019-02-13,969,225,703,41,0.095859
2019-02-14,999,223,714,62,0.082919
2019-02-15,942,193,708,41,0.079605
2019-02-16,846,147,659,40,0.055042
2019-02-17,919,171,711,37,0.062513
2019-02-18,1039,248,762,29,0.107853
2019-02-19,938,201,697,40,0.087887
2019-02-20,917,170,706,41,0.071207
2019-02-21,1035,219,763,53,0.08705
2019-02-22,929,178,694,57,0.064288
2019-02-23,996,197,736,63,0.072542
2019-02-24,903,168,684,51,0.066722
2019-02-25,865,154,684,27,0.067697
2019-02-26,858,181,617,60,0.071867
2019-02-27,889,181,666,42,0.076256
2019-02-28,852,164,644,44,0.07398
2019-03-01,840,162,633,45,0.069662
2019-03-02,872,151,686,35,0.056587
2019-03-03,843,168,628,47,0.066148
2019-03-04,883,164,669,50,0.062576
2019-03-05,926,194,690,42,0.07773
2019-03-06,939,206,679,54,0.08328
2019-03-07,916,193,679,44,0.083093
2019-03-08,2319,728,1386,205,0.12845
2019-03-09,937,165,729,43,0.059043
2019-03-10,803,144,635,24,0.06826
2019-03-11,925,170,694,61,0.06063
2019-03-12,958,216,682,60,0.093222
2019-03-13,917,155,712,50,0.056319
2019-03-14,984,190,749,45,0.074317
2019-03-15,992,185,749,58,0.066226
2019-03-16,920,160,705,55,0.058458
2019-03-17,893,218,633,42,0.116456
2019-03-18,967,227,685,55,0.106296
2019-03-19,918,191,665,62,0.075846
2019-03-20,987,234,658,95,0.081517
2019-03-21,960,213,696,51,0.09278
2019-03-22,928,198,672,58,0.088282
2019-03-23,866,176,643,47,0.085262
2019-03-24,770,160,572,38,0.092489
2019-03-25,889,179,657,53,0.06973
2019-03-26,981,209,707,65,0.087344
2019-03-27,970,187,724,59,0.07873
2019-03-28,3608,1149,2057,402,0.12201
2019-03-29,998,191,739,68,0.070461
2019-03-30,886,147,684,55,0.063965
2019-03-31,945,168,739,38,0.068678
2019-04-01,1009,211,749,49,0.089808
2019-04-02,1206,326,794,86,0.113018
2019-04-03,1177,284,811,82,0.099849
2019-04-04,999,216,725,58,0.083264
2019-04-05,1113,307,745,61,0.127146
2019-04-06,959,193,714,52,0.088272
2019-04-07,938,163,722,53,0.065665
2019-04-08,1133,283,787,63,0.111481
2019-04-09,1059,238,750,71,0.089983
2019-04-10,1074,295,715,64,0.112455
2019-04-11,1098,259,755,84,0.086076
2019-04-12,1039,231,756,52,0.08897
2019-04-13,994,209,715,70,0.074629
2019-04-14,979,204,715,60,0.067121
2019-04-15,1193,278,851,64,0.090909
2019-04-16,1089,250,760,79,0.07922
2019-04-17,1014,256,695,63,0.102264
2019-04-18,1035,257,710,68,0.098094
2019-04-19,1032,262,704,66,0.103417
2019-04-20,1118,266,778,74,0.094337
2019-04-21,1296,349,867,80,0.128567
2019-04-22,1050,270,713,67,0.099817
2019-04-23,1150,322,744,84,0.116615
2019-04-24,1101,305,726,70,0.118534
2019-04-25,1107,305,725,77,0.115383
2019-04-26,1112,300,732,80,0.110439
2019-04-27,1034,274,687,73,0.104823
2019-04-28,989,237,691,61,0.089567
2019-04-29,1190,333,782,75,0.113998
2019-04-30,1191,365,749,77,0.134903
2019-05-01,1177,309,800,68,0.113344
2019-05-02,1215,324,809,82,0.115292
2019-05-03,1367,385,874,108,0.11968
2019-05-04,1178,348,742,88,0.119499
2019-05-05,1203,345,779,79,0.11965
2019-05-06,1370,409,842,119,0.128089
2019-05-07,1453,468,870,115,0.139427
2019-05-08,1737,557,964,216,0.113439
2019-05-09,1695,572,958,165,0.137143
2019-05-10,49864,18091,25159,6614,0.135345
2019-05-11,93795,33161,49079,11555,0.137272
2019-05-12,79288,27645,41949,9694,0.136147
2019-05-13,110749,38611,58528,13610,0.129307
2019-05-14,106202,38072,55505,12625,0.142542
2019-05-15,91136,34378,44700,12058,0.146572
2019-05-16,84776,31850,42111,10815,0.14883
2019-05-17,82771,29233,41219,12319,0.124355
2019-05-18,63451,22222,33434,7795,0.13592
2019-05-19,72560,26078,37675,8807,0.143709
2019-05-20,56668,20062,28673,7933,0.128804
2019-05-21,82405,30130,40249,12026,0.126901
2019-05-22,79836,29493,38737,11606,0.135679
2019-05-23,73383,27175,35983,10225,0.134564
2019-05-24,79386,29443,39778,10165,0.132645
2019-05-25,64414,22989,32587,8838,0.136092
2019-05-26,71683,24388,37790,9505,0.128256
2019-05-27,77949,26571,41477,9901,0.132655
2019-05-28,80734,29188,41942,9604,0.14564
2019-05-29,81241,30448,40169,10624,0.146494
2019-05-30,89759,33157,44549,12053,0.140173
2019-05-31,76559,27683,37450,11426,0.131401
2019-06-01,61332,23773,30273,7286,0.160094
2019-06-02,62785,23313,31566,7906,0.148324
2019-06-03,70564,25468,34575,10521,0.12982
2019-06-04,72094,25930,34877,11287,0.125815
2019-06-05,64943,24048,30872,10023,0.133615
2019-06-06,61393,23889,28715,8789,0.145968
2019-06-07,63254,23562,30025,9667,0.133132
2019-06-08,112141,79336,25869,6936,0.425548
2019-06-09,51562,18938,25697,6927,0.142784
2019-06-10,59308,22637,28744,7927,0.146727
2019-06-11,84521,47947,28968,7606,0.364913
2019-06-12,60533,23235,29291,8007,0.152637
2019-06-13,62489,23519,31348,7622,0.150676
2019-06-14,71951,31511,31144,9296,0.219015
2019-06-15,56043,21013,27576,7454,0.145054
2019-06-16,69400,25375,34831,9194,0.141747
2019-06-17,194993,146583,38663,9747,0.49673
2019-06-18,78072,28983,38032,11057,0.1372
2019-06-19,68040,26292,32843,8905,0.152563
2019-06-20,123860,27286,87084,9490,0.086366
2019-06-21,130925,77651,41845,11429,0.247103
2019-06-22,139140,40839,82891,15410,0.110497
2019-06-23,72612,29067,34167,9378,0.164
2019-06-24,119735,31664,77961,10110,0.107947
2019-06-25,91912,35275,43796,12841,0.145833
2019-06-26,141633,50260,69039,22334,0.118995
2019-06-27,103537,37802,49319,16416,0.128008
2019-06-28,82150,30877,38716,12557,0.138678
2019-06-29,67408,25632,31942,9834,0.145466
2019-06-30,64171,23983,30839,9349,0.145553
2019-07-01,79203,29489,38994,10720,0.144411
2019-07-02,84166,31151,40890,12125,0.137397
2019-07-03,128955,29797,87007,12151,0.081917
2019-07-04,113153,27666,75722,9765,0.092809
2019-07-05,71756,27447,34453,9856,0.145271
2019-07-06,60556,23466,29191,7899,0.154596
2019-07-07,57688,21642,28450,7596,0.149672
2019-07-08,72683,27727,34446,10510,0.142173
2019-07-09,79056,29344,38732,10980,0.141768
2019-07-10,90198,33635,42902,13661,0.133852
2019-07-11,122916,28724,81549,12643,0.081669
2019-07-12,111721,42022,49174,20525,0.121574
2019-07-13,70475,25945,33436,11094,0.131549
2019-07-14,66458,24287,31358,10813,0.124297
2019-07-15,81797,30302,37065,14430,0.122523
2019-07-16,84321,30565,39711,14045,0.121327
2019-07-17,83297,29947,39763,13587,0.122156
2019-07-18,80435,28390,39513,12532,0.118211
2019-07-19,76937,26174,40170,10593,0.119949
2019-07-20,67550,24558,34007,8985,0.139392
2019-07-21,62036,23384,30534,8118,0.147737
2019-07-22,74664,27941,36698,10025,0.143457
2019-07-23,71541,25423,36483,9635,0.131244
2019-07-24,73660,25464,38062,10134,0.12369
2019-07-25,70757,25461,36184,9112,0.137358
2019-07-26,177022,51007,110259,15756,0.121212
2019-07-27,81312,28298,43309,9705,0.14252
2019-07-28,57561,22377,27360,7824,0.158861
2019-07-29,69024,25423,34824,8777,0.147279
2019-07-30,69075,25104,35309,8662,0.14086
2019-07-31,70858,24266,37144,9448,0.126347
2019-08-01,71378,25319,36089,9970,0.131934
2019-08-02,71724,26409,36279,9036,0.148407
2019-08-03,59949,23810,28861,7278,0.166145
2019-08-04,57511,21380,29498,6633,0.152048
2019-08-05,81851,28725,41885,11241,0.128045
2019-08-06,76410,27132,38469,10809,0.126517
2019-08-07,76343,28996,36496,10851,0.146502
2019-08-08,66192,24145,32819,9228,0.136632
2019-08-09,69305,24348,34743,10214,0.122095
2019-08-10,64435,24886,31108,8441,0.160346
2019-08-11,57616,22490,28277,6849,0.165441
2019-08-12,69456,27092,33153,9211,0.154355
2019-08-13,69284,24949,34425,9910,0.132346
2019-08-14,73696,26319,35729,11648,0.120346
2019-08-15,73155,26168,35532,11455,0.119731
2019-08-16,67916,24028,34579,9309,0.127393
2019-08-17,63849,24497,31631,7721,0.161115
2019-08-18,56018,19841,28613,7564,0.134858
2019-08-19,65271,23343,33065,8863,0.133765
2019-08-20,68861,25028,33887,9946,0.137603
2019-08-21,70399,24713,35543,10143,0.124453
2019-08-22,67345,24217,33577,9551,0.128046
2019-08-23,64868,23226,32223,9419,0.12865
2019-08-24,57126,20793,28621,7712,0.139184
2019-08-25,55258,19914,28370,6974,0.139507
2019-08-26,66495,22757,35183,8555,0.126519
2019-08-27,65604,22135,33975,9494,0.115886
2019-08-28,70300,23844,36618,9838,0.123912
2019-08-29,66734,22224,34817,9693,0.117787
2019-08-30,62029,21283,32447,8299,0.128035
2019-08-31,53374,17896,28927,6551,0.127625
2019-09-01,57366,18419,31612,7335,0.115772
2019-09-02,68638,21528,38279,8831,0.113665
2019-09-03,119546,69295,40359,9892,0.127749
2019-09-04,67647,22578,36288,8781,0.123296
2019-09-05,65988,23558,33330,9100,0.129355
2019-09-06,82222,28860,41504,11858,0.120115
2019-09-07,59982,20136,32063,7783,0.124042
2019-09-08,54726,19148,28959,6619,0.137354
2019-09-09,64953,22458,34733,7762,0.134321
2019-09-10,68651,24515,35535,8601,0.139069
2019-09-11,65760,23011,34377,8372,0.13368
2019-09-12,66470,23152,34463,8855,0.128615
2019-09-13,61974,20938,33227,7809,0.13286
2019-09-14,54339,18865,29107,6367,0.137952
2019-09-15,54384,20104,28173,6107,0.152455
2019-09-16,68168,24626,35207,8335,0.140961
2019-09-17,117970,23523,86111,8336,0.076739
2019-09-18,71768,25855,37248,8665,0.140051
2019-09-19,72559,24840,38277,9442,0.129747
2019-09-20,65943,22467,35659,7817,0.133995
2019-09-21,55404,18700,30471,6233,0.135034
2019-09-22,52720,18883,27258,6579,0.140893
2019-09-23,66871,23010,35621,8240,0.131373
2019-09-24,81359,27207,42370,11782,0.118718
2019-09-25,76416,26270,38263,11883,0.118706
2019-09-26,70995,24402,35864,10729,0.120676
2019-09-27,66593,22591,34039,9963,0.121278
2019-09-28,56609,22200,26976,7433,0.16644
2019-09-29,50654,18308,25674,6672,0.143409
2019-09-30,60699,21015,31054,8630,0.127882
2019-10-01,61734,21700,31534,8500,0.133024
2019-10-02,54752,19190,27809,7753,0.13264
2019-10-03,60260,21488,30462,8310,0.135143
2019-10-04,58276,20641,29451,8184,0.132583
2019-10-05,50818,18045,26094,6679,0.136688
2019-10-06,53333,18108,28132,7093,0.123631
2019-10-07,61682,21288,31782,8612,0.126814
2019-10-08,59996,20848,31554,7594,0.132382
2019-10-09,64875,23082,33276,8517,0.132846
2019-10-10,62067,22393,31039,8635,0.132297
2019-10-11,60959,21720,30259,8980,0.129448
2019-10-12,50879,18719,25739,6421,0.147733
2019-10-13,49668,17960,25709,5999,0.147159
2019-10-14,56685,21040,28535,7110,0.144858
2019-10-15,61401,21819,32013,7569,0.14256
2019-10-16,64058,22475,32790,8793,0.128298
2019-10-17,62445,21748,31384,9313,0.120232
2019-10-18,59502,21113,29594,8795,0.12063
2019-10-19,51659,18518,26034,7107,0.134949
2019-10-20,50166,18293,25311,6562,0.14355
2019-10-21,57856,20052,30011,7793,0.127831
2019-10-22,61664,22017,31354,8293,0.13377
2019-10-23,72170,24925,35406,11839,0.112497
2019-10-24,71960,24662,37430,9868,0.126857
2019-10-25,74541,25765,38232,10544,0.121671
2019-10-26,80688,28106,41100,11482,0.123347
2019-10-27,55967,20622,28598,6747,0.148485
2019-10-28,65062,23547,33020,8495,0.132722
2019-10-29,62185,22784,31653,7748,0.14161
2019-10-30,60064,21971,30106,7987,0.139951
2019-10-31,63119,23409,31867,7843,0.14927
2019-11-01,58500,21253,28974,8273,0.136623
2019-11-02,49719,17722,25639,6358,0.138744
2019-11-03,47776,16388,24990,6398,0.124963
2019-11-04,61649,21209,32072,8368,0.125718
2019-11-05,60522,22653,30093,7776,0.145253
2019-11-06,59787,21565,30820,7402,0.143015
2019-11-07,57175,21220,28451,7504,0.147032
2019-11-08,61416,21242,31662,8512,0.125506
2019-11-09,50465,17972,25851,6642,0.137071
2019-11-10,51577,17892,27463,6222,0.135979
2019-11-11,64619,21943,34605,8071,0.127808
2019-11-12,63880,21869,34276,7735,0.131135
2019-11-13,58008,20294,30111,7603,0.129444
2019-11-14,57729,21958,27822,7949,0.142046
2019-11-15,58007,20919,28966,8122,0.130877
2019-11-16,47873,17604,23688,6581,0.139875
2019-11-17,48542,17044,24899,6599,0.131028
2019-11-18,59769,21855,29696,8218,0.131211
2019-11-19,62997,23097,31485,8415,0.138538
2019-11-20,61798,23463,30435,7900,0.150615
2019-11-21,69709,25651,34020,10038,0.130988
2019-11-22,74922,25996,37153,11773,0.110755
2019-11-23,36024,13283,17783,4958,0.134152
